date,open,close,high,low,volume,amount,amplitude,pct_change,change_amount,turnover
2025-05-06,1.109,1.109,1.11,1.102,3644964,403093302.0,0.72,0.0,0.0,1.31
2025-05-07,1.113,1.118,1.118,1.11,2478784,276308338.0,0.72,0.81,0.009,0.89
2025-05-08,1.117,1.124,1.126,1.115,2688679,301796892.0,0.98,0.54,0.006,0.97
2025-05-09,1.123,1.132,1.134,1.122,3414349,386439816.0,1.07,0.71,0.008,1.23
2025-05-12,1.132,1.133,1.138,1.128,3641030,412591271.0,0.88,0.09,0.001,1.31
2025-05-13,1.134,1.144,1.145,1.131,2903447,331133098.0,1.24,0.97,0.011,1.05
2025-05-14,1.144,1.152,1.154,1.139,3371641,387159210.0,1.31,0.7,0.008,1.22
2025-05-15,1.151,1.148,1.156,1.147,2961505,340519286.0,0.78,-0.35,-0.004,1.07
2025-05-16,1.146,1.14,1.148,1.135,2708058,308510581.0,1.13,-0.7,-0.008,0.98
2025-05-19,1.139,1.142,1.147,1.138,1927285,220324051.0,0.79,0.18,0.002,0.69
2025-05-20,1.143,1.147,1.15,1.143,2413843,276778193.0,0.61,0.44,0.005,0.87
2025-05-21,1.147,1.155,1.157,1.146,2145223,247308946.0,0.96,0.7,0.008,0.77
2025-05-22,1.155,1.159,1.16,1.15,2312349,267547967.0,0.87,0.35,0.004,0.83
2025-05-23,1.159,1.15,1.166,1.15,3512245,406433828.0,1.38,-0.78,-0.009,1.27
2025-05-26,1.15,1.147,1.154,1.143,5154227,591438142.0,0.96,-0.26,-0.003,1.86
2025-05-27,1.148,1.149,1.152,1.145,2537202,291309152.0,0.61,0.17,0.002,0.91
2025-05-28,1.149,1.154,1.155,1.146,1860115,214337825.0,0.78,0.44,0.005,0.67
2025-05-29,1.154,1.152,1.157,1.15,4568498,526898101.0,0.61,-0.17,-0.002,1.65
2025-05-30,1.153,1.159,1.161,1.152,2741563,317425676.0,0.78,0.61,0.007,0.99
2025-06-03,1.157,1.169,1.171,1.155,2737945,319096218.0,1.38,0.86,0.01,0.99
2025-06-04,1.168,1.174,1.175,1.166,2275469,266483880.0,0.77,0.43,0.005,0.82
2025-06-05,1.174,1.165,1.176,1.164,7290635,851233852.0,1.02,-0.77,-0.009,2.63
2025-06-06,1.166,1.168,1.171,1.166,2281475,266368869.0,0.43,0.26,0.003,0.82
2025-06-09,1.169,1.169,1.17,1.161,5100966,594274788.0,0.77,0.09,0.001,1.84
2025-06-10,1.169,1.169,1.178,1.165,3009587,352846005.0,1.11,0.0,0.0,1.08
2025-06-11,1.169,1.173,1.174,1.169,1452589,170202245.0,0.43,0.34,0.004,0.52
2025-06-12,1.173,1.176,1.178,1.17,2143303,251984206.0,0.68,0.26,0.003,0.77
2025-06-13,1.176,1.169,1.179,1.166,7943733,929500830.0,1.11,-0.6,-0.007,2.86
2025-06-16,1.168,1.175,1.175,1.164,2333022,272660019.0,0.94,0.51,0.006,0.84
2025-06-17,1.175,1.172,1.178,1.17,2200686,257952594.0,0.68,-0.26,-0.003,0.79
2025-06-18,1.172,1.179,1.179,1.168,2896925,340373827.0,0.94,0.6,0.007,1.04
2025-06-19,1.177,1.177,1.18,1.172,2447781,287729643.0,0.68,-0.17,-0.002,0.88
2025-06-20,1.177,1.182,1.184,1.174,2566441,303130595.0,0.85,0.42,0.005,0.92
2025-06-23,1.181,1.19,1.191,1.172,2653469,313800572.0,1.61,0.68,0.008,0.96
2025-06-24,1.188,1.191,1.193,1.183,2604297,309666577.0,0.84,0.08,0.001,0.94
2025-06-25,1.191,1.201,1.203,1.186,2940735,351328498.0,1.43,0.84,0.01,1.06
2025-06-26,1.198,1.206,1.207,1.195,2749692,330122452.0,1.0,0.42,0.005,0.99
2025-06-27,1.206,1.188,1.21,1.185,7838908,936530951.0,2.07,-1.49,-0.018,2.83
2025-06-30,1.184,1.186,1.189,1.18,4212252,498468877.0,0.76,-0.17,-0.002,1.52
2025-07-01,1.188,1.197,1.197,1.186,3188777,380744578.0,0.93,0.93,0.011,1.15
2025-07-02,1.196,1.2,1.205,1.196,3436876,412882888.0,0.75,0.25,0.003,1.24
2025-07-03,1.2,1.201,1.206,1.195,3877320,465757464.0,0.92,0.08,0.001,1.4
2025-07-04,1.2,1.211,1.216,1.199,3853610,465870657.0,1.42,0.83,0.01,1.39
2025-07-07,1.211,1.218,1.219,1.208,3201919,388721928.0,0.91,0.58,0.007,1.15
2025-07-08,1.218,1.215,1.221,1.21,3488584,423804104.0,0.9,-0.25,-0.003,1.26
2025-07-09,1.213,1.223,1.226,1.213,4007273,489760284.0,1.07,0.66,0.008,1.44
2025-07-10,1.223,1.23,1.234,1.222,2608495,320511252.0,0.98,0.57,0.007,0.94
2025-07-11,1.23,1.219,1.236,1.218,7453726,913962890.0,1.46,-0.89,-0.011,2.69
2025-07-14,1.219,1.227,1.232,1.217,4879193,598236999.0,1.23,0.66,0.008,1.76
2025-07-15,1.227,1.216,1.229,1.212,5996822,730489583.0,1.39,-0.9,-0.011,2.16
2025-07-16,1.218,1.21,1.218,1.205,6124285,740157937.0,1.07,-0.49,-0.006,2.21
2025-07-17,1.209,1.208,1.213,1.205,6808947,822723416.0,0.66,-0.17,-0.002,2.45
2025-07-18,1.209,1.213,1.215,1.207,4452948,539964028.0,0.66,0.41,0.005,1.6
2025-07-21,1.213,1.213,1.217,1.21,4173355,506383762.0,0.58,0.0,0.0,1.5
2025-07-22,1.214,1.214,1.216,1.199,6377247,769928688.0,1.4,0.08,0.001,2.3
2025-07-23,1.216,1.217,1.227,1.215,4743945,578940849.0,0.99,0.25,0.003,1.71
2025-07-24,1.215,1.208,1.216,1.205,5796508,700001985.0,0.9,-0.74,-0.009,2.09
2025-07-25,1.207,1.199,1.208,1.198,5081028,610964172.0,0.83,-0.75,-0.009,1.83
2025-07-28,1.197,1.197,1.203,1.193,3788642,453775089.0,0.83,-0.17,-0.002,1.37
2025-07-29,1.195,1.189,1.198,1.185,4310558,512477479.0,1.09,-0.67,-0.008,1.55
2025-07-30,1.189,1.194,1.2,1.186,4335966,518082689.0,1.18,0.42,0.005,1.56
2025-07-31,1.194,1.18,1.194,1.175,5292901,624619815.0,1.59,-1.17,-0.014,1.91
2025-08-01,1.18,1.181,1.185,1.172,3575665,421396580.0,1.1,0.08,0.001,1.29
2025-08-04,1.176,1.187,1.188,1.175,4689917,555395989.0,1.1,0.51,0.006,1.69
2025-08-05,1.188,1.2,1.201,1.185,3992834,477109306.0,1.35,1.1,0.013,1.44
2025-08-06,1.201,1.201,1.204,1.197,3802381,456446815.0,0.58,0.08,0.001,1.37
2025-08-07,1.201,1.206,1.206,1.196,2982263,358739093.0,0.83,0.42,0.005,1.07
2025-08-08,1.205,1.207,1.21,1.204,2818922,340284017.0,0.5,0.08,0.001,1.02
2025-08-11,1.207,1.2,1.209,1.196,6401540,767990005.0,1.08,-0.58,-0.007,2.31
2025-08-12,1.198,1.202,1.208,1.197,2744768,330443606.0,0.92,0.17,0.002,0.99
2025-08-13,1.203,1.198,1.206,1.196,3705458,444794467.0,0.83,-0.33,-0.004,1.34
2025-08-14,1.197,1.199,1.207,1.196,3536393,425064254.0,0.92,0.08,0.001,1.27
2025-08-15,1.199,1.195,1.2,1.185,4575554,544429137.0,1.25,-0.33,-0.004,1.65
2025-08-18,1.193,1.197,1.201,1.191,5079024,607271527.0,0.84,0.17,0.002,1.83
2025-08-19,1.198,1.196,1.2,1.193,3514857,420712018.0,0.58,-0.08,-0.001,1.27
2025-08-20,1.195,1.207,1.207,1.192,3721719,447346095.0,1.25,0.92,0.011,1.34
2025-08-21,1.207,1.214,1.214,1.203,3916371,473852200.0,0.91,0.58,0.007,1.41
2025-08-22,1.212,1.209,1.213,1.202,3156459,380592917.0,0.91,-0.41,-0.005,1.14
2025-08-25,1.209,1.219,1.22,1.205,4499530,545881381.0,1.24,0.83,0.01,1.62
2025-08-26,1.219,1.216,1.22,1.214,3035343,369540243.0,0.49,-0.25,-0.003,1.09
2025-08-27,1.214,1.197,1.216,1.195,5072787,610079733.0,1.73,-1.56,-0.019,1.83
2025-08-28,1.196,1.197,1.2,1.185,3799989,453264065.0,1.25,0.0,0.0,1.37
2025-08-29,1.195,1.194,1.209,1.192,3285454,393777705.0,1.42,-0.25,-0.003,1.18
2025-09-01,1.194,1.191,1.201,1.186,4034757,481256937.0,1.26,-0.25,-0.003,1.45
2025-09-02,1.192,1.2,1.2,1.189,4048948,483915529.0,0.92,0.76,0.009,1.46
2025-09-03,1.2,1.187,1.201,1.183,4832740,575072553.0,1.5,-1.08,-0.013,1.74
2025-09-04,1.186,1.19,1.192,1.174,4805634,567790408.0,1.52,0.25,0.003,1.73
2025-09-05,1.189,1.185,1.189,1.179,3445357,407168063.0,0.84,-0.42,-0.005,1.24
2025-09-08,1.182,1.185,1.188,1.179,3027758,358806638.0,0.76,0.0,0.0,1.09
2025-09-09,1.185,1.191,1.191,1.184,2819114,334872994.0,0.59,0.51,0.006,1.02
2025-09-10,1.188,1.188,1.191,1.184,2204608,261803593.0,0.59,-0.25,-0.003,0.79
2025-09-11,1.188,1.192,1.192,1.18,3333541,395039730.0,1.01,0.34,0.004,1.2
2025-09-12,1.19,1.184,1.194,1.182,3039295,361186499.0,1.01,-0.67,-0.008,1.1
2025-09-15,1.184,1.174,1.184,1.171,4383281,515561215.0,1.1,-0.84,-0.01,1.58
2025-09-16,1.175,1.17,1.178,1.168,3846358,450597988.0,0.85,-0.34,-0.004,1.39
2025-09-17,1.17,1.175,1.176,1.167,3654209,428611474.0,0.77,0.43,0.005,1.32
2025-09-18,1.174,1.153,1.175,1.148,5756448,667662765.0,2.3,-1.87,-0.022,2.07
2025-09-19,1.153,1.159,1.16,1.146,3098748,357377950.0,1.21,0.52,0.006,1.12
2025-09-22,1.158,1.15,1.16,1.146,2838516,326929983.0,1.21,-0.78,-0.009,1.02
2025-09-23,1.15,1.157,1.159,1.143,4768138,549811625.0,1.39,0.61,0.007,1.72
2025-09-24,1.155,1.157,1.164,1.153,2965063,343489745.0,0.95,0.0,0.0,1.07
2025-09-25,1.157,1.149,1.158,1.145,2506558,287932612.0,1.12,-0.69,-0.008,0.9
2025-09-26,1.147,1.149,1.152,1.139,3064401,351237273.0,1.13,0.0,0.0,1.1
2025-09-29,1.148,1.147,1.155,1.141,3813359,437080200.0,1.22,-0.17,-0.002,1.37
2025-09-30,1.146,1.139,1.148,1.136,4841918,551427803.0,1.05,-0.7,-0.008,1.75
2025-10-09,1.138,1.142,1.142,1.133,3855682,438303733.0,0.79,0.26,0.003,1.39
2025-10-10,1.142,1.15,1.153,1.138,5451031,625480670.0,1.31,0.7,0.008,1.96
2025-10-13,1.146,1.156,1.159,1.136,10060687,1156084203.0,2.0,0.52,0.006,3.63
2025-10-14,1.155,1.177,1.179,1.151,10123358,1185874760.0,2.42,1.82,0.021,3.65
2025-10-15,1.176,1.182,1.184,1.173,9723090,1147617806.0,0.93,0.42,0.005,3.5
2025-10-16,1.182,1.19,1.191,1.18,6641678,788163379.0,0.93,0.68,0.008,2.39
2025-10-17,1.189,1.185,1.198,1.183,10410989,1239918567.0,1.26,-0.42,-0.005,3.75
2025-10-20,1.186,1.187,1.189,1.172,7444227,880423638.0,1.43,0.17,0.002,2.68
2025-10-21,1.184,1.19,1.193,1.183,5811620,691190560.0,0.84,0.25,0.003,2.09
2025-10-22,1.189,1.199,1.2,1.188,4210273,503498302.0,1.01,0.76,0.009,1.52
2025-10-23,1.199,1.206,1.207,1.195,3893271,467772160.0,1.0,0.58,0.007,1.4
2025-10-24,1.204,1.197,1.205,1.196,7254640,870255785.0,0.75,-0.75,-0.009,2.61
2025-10-27,1.194,1.198,1.204,1.189,8211433,983107497.0,1.25,0.08,0.001,2.96
2025-10-28,1.198,1.198,1.201,1.19,3646976,436180904.0,0.92,0.0,0.0,1.31
2025-10-29,1.196,1.187,1.196,1.181,5805445,689236716.0,1.25,-0.92,-0.011,2.09
2025-10-30,1.185,1.19,1.196,1.185,4435020,528138987.0,0.93,0.25,0.003,1.6
2025-10-31,1.189,1.188,1.191,1.181,4510713,535150445.0,0.84,-0.17,-0.002,1.63
2025-11-03,1.189,1.204,1.205,1.188,4588786,549709007.0,1.43,1.35,0.016,1.65
2025-11-04,1.204,1.217,1.22,1.202,7514109,913152766.0,1.5,1.08,0.013,2.71
2025-11-05,1.216,1.217,1.22,1.21,4830508,587823426.0,0.82,0.0,0.0,1.74
2025-11-06,1.216,1.216,1.22,1.209,3750806,456152699.0,0.9,-0.08,-0.001,1.35
2025-11-07,1.215,1.217,1.224,1.215,4024036,490276627.0,0.74,0.08,0.001,1.45
2025-11-10,1.217,1.227,1.228,1.212,4970860,607771997.0,1.31,0.82,0.01,1.79
2025-11-11,1.227,1.232,1.233,1.223,3913158,481078175.0,0.81,0.41,0.005,1.41
2025-11-12,1.232,1.243,1.247,1.232,5601328,696068870.0,1.22,0.89,0.011,2.02
2025-11-13,1.242,1.239,1.245,1.231,5095052,630363803.0,1.13,-0.32,-0.004,1.84
2025-11-14,1.237,1.235,1.248,1.235,4355600,540840190.0,1.05,-0.32,-0.004,1.57
2025-11-17,1.234,1.224,1.235,1.22,5085945,623037539.0,1.21,-0.89,-0.011,1.83
2025-11-18,1.222,1.217,1.226,1.211,6242098,760064476.0,1.23,-0.57,-0.007,2.25
2025-11-19,1.215,1.219,1.223,1.215,8773761,1069391127.0,0.66,0.16,0.002,3.16
2025-11-20,1.217,1.228,1.235,1.214,7238702,887495842.0,1.72,0.74,0.009,2.61
2025-11-21,1.222,1.209,1.227,1.208,9356392,1138118784.0,1.55,-1.55,-0.019,3.37
2025-11-24,1.212,1.202,1.215,1.202,4471537,539355096.0,1.08,-0.58,-0.007,1.61
2025-11-25,1.202,1.209,1.211,1.199,6934672,836899662.0,1.0,0.58,0.007,2.5
2025-11-26,1.209,1.203,1.214,1.201,5695181,686666082.0,1.08,-0.5,-0.006,2.05
2025-11-27,1.201,1.205,1.208,1.196,4216893,506808767.0,1.0,0.17,0.002,1.52
2025-11-28,1.203,1.204,1.205,1.199,4166746,500926534.0,0.5,-0.08,-0.001,1.5
2025-12-01,1.204,1.211,1.212,1.201,6444586,778202606.0,0.91,0.58,0.007,2.32
2025-12-02,1.211,1.208,1.212,1.205,4214352,509407355.0,0.58,-0.25,-0.003,1.52
2025-12-03,1.208,1.203,1.213,1.202,6457395,779319327.0,0.91,-0.41,-0.005,2.33
2025-12-04,1.203,1.198,1.205,1.197,4941449,592813760.0,0.67,-0.42,-0.005,1.78
2025-12-05,1.198,1.193,1.199,1.186,6553025,780586674.0,1.09,-0.42,-0.005,2.36
2025-12-08,1.191,1.19,1.193,1.186,4434785,527710161.0,0.59,-0.25,-0.003,1.6
2025-12-09,1.19,1.181,1.19,1.18,8161288,965976592.0,0.84,-0.76,-0.009,2.94
2025-12-10,1.181,1.176,1.185,1.173,3655979,430444638.0,1.02,-0.42,-0.005,1.32
2025-12-11,1.177,1.173,1.179,1.17,5626899,660261523.0,0.77,-0.26,-0.003,2.03
2025-12-12,1.174,1.174,1.176,1.17,5209792,610448378.0,0.51,0.09,0.001,1.88
2025-12-15,1.17,1.175,1.181,1.167,4931181,579369180.0,1.19,0.09,0.001,1.78
2025-12-16,1.176,1.169,1.179,1.167,5148522,603348830.0,1.02,-0.51,-0.006,1.86
2025-12-17,1.168,1.171,1.174,1.164,4226664,493976871.0,0.86,0.17,0.002,1.52
2025-12-18,1.17,1.181,1.184,1.166,5226024,615206474.0,1.54,0.85,0.01,1.88
2025-12-19,1.182,1.181,1.185,1.176,6132646,723817999.0,0.76,0.0,0.0,2.21
2025-12-22,1.181,1.173,1.182,1.173,6357585,747223314.0,0.76,-0.68,-0.008,2.29
2025-12-23,1.174,1.173,1.18,1.173,4337250,509959020.0,0.6,0.0,0.0,1.56
2025-12-24,1.173,1.177,1.177,1.17,4398274,515947133.0,0.6,0.34,0.004,1.59
2025-12-25,1.177,1.178,1.182,1.174,4429043,521773797.0,0.68,0.08,0.001,1.6
2025-12-26,1.177,1.175,1.179,1.173,3933813,462405385.0,0.51,-0.25,-0.003,1.42
2025-12-29,1.176,1.176,1.18,1.171,4846698,569688161.0,0.77,0.09,0.001,1.75
2025-12-30,1.174,1.175,1.177,1.171,4073740,478488159.0,0.51,-0.09,-0.001,1.47
2025-12-31,1.175,1.176,1.179,1.174,5660129,665624256.0,0.43,0.09,0.001,2.04
2026-01-05,1.176,1.173,1.177,1.168,8092287,948533120.0,0.77,-0.26,-0.003,2.92
2026-01-06,1.173,1.174,1.175,1.168,10032780,1175653748.0,0.6,0.09,0.001,3.62
2026-01-07,1.174,1.17,1.175,1.168,4592864,537708267.0,0.6,-0.34,-0.004,1.66
2026-01-08,1.169,1.161,1.169,1.159,6509507,756831915.0,0.85,-0.77,-0.009,2.35
2026-01-09,1.161,1.162,1.163,1.157,6631652,768918690.0,0.52,0.09,0.001,2.39
2026-01-12,1.162,1.164,1.164,1.156,8296798,962787582.0,0.69,0.17,0.002,2.99
2026-01-13,1.164,1.166,1.172,1.163,9470158,1105932587.0,0.77,0.17,0.002,3.41
2026-01-14,1.167,1.156,1.168,1.155,8290457,962403347.0,1.11,-0.86,-0.01,2.99
2026-01-15,1.157,1.153,1.159,1.151,5218086,602783062.0,0.69,-0.26,-0.003,1.88
2026-01-16,1.153,1.143,1.155,1.14,9197519,1054199350.0,1.3,-0.87,-0.01,3.31
2026-01-19,1.143,1.144,1.147,1.14,6576319,752223021.0,0.61,0.09,0.001,2.37
2026-01-20,1.144,1.16,1.162,1.143,9913432,1144987722.0,1.66,1.4,0.016,3.57
2026-01-21,1.16,1.151,1.163,1.149,7879853,909957244.0,1.21,-0.78,-0.009,2.84
2026-01-22,1.149,1.152,1.159,1.148,5914032,682172618.0,0.96,0.09,0.001,2.13
2026-01-23,1.151,1.148,1.154,1.145,5650693,649624390.0,0.78,-0.35,-0.004,2.04
2026-01-26,1.148,1.156,1.157,1.145,6298648,725674120.0,1.05,0.7,0.008,2.27
2026-01-27,1.155,1.148,1.156,1.147,7648733,881681555.0,0.78,-0.69,-0.008,2.76
2026-01-28,1.147,1.152,1.158,1.144,6196813,713791399.0,1.22,0.35,0.004,2.23
2026-01-29,1.15,1.169,1.169,1.149,7554576,875025665.0,1.74,1.48,0.017,2.72
2026-01-30,1.169,1.168,1.176,1.162,8147957,953566534.0,1.2,-0.09,-0.001,2.94
2026-02-02,1.165,1.154,1.17,1.151,8253242,958395402.0,1.63,-1.2,-0.014,2.97
2026-02-03,1.154,1.15,1.156,1.143,7543115,866439095.0,1.13,-0.35,-0.004,2.72
2026-02-04,1.149,1.166,1.167,1.149,6182244,718005509.0,1.57,1.39,0.016,2.23
2026-02-05,1.166,1.181,1.182,1.166,7544416,886243861.0,1.37,1.29,0.015,2.72
2026-02-06,1.179,1.178,1.183,1.172,6821132,803697959.0,0.93,-0.25,-0.003,2.46
2026-02-09,1.177,1.181,1.183,1.174,6036145,711798825.0,0.76,0.25,0.003,2.18
2026-02-10,1.182,1.186,1.187,1.18,4070762,482060692.0,0.59,0.42,0.005,1.47
2026-02-11,1.185,1.188,1.19,1.182,3963651,470345517.0,0.67,0.17,0.002,1.43
2026-02-12,1.187,1.177,1.188,1.176,5988615,706316161.0,1.01,-0.93,-0.011,2.16
2026-02-13,1.176,1.167,1.178,1.165,6457655,756923532.0,1.1,-0.85,-0.01,2.33
2026-02-24,1.17,1.172,1.176,1.17,4393234,515135730.0,0.51,0.43,0.005,1.58
2026-02-25,1.172,1.169,1.18,1.167,8081199,947735457.0,1.11,-0.26,-0.003,2.91
2026-02-26,1.171,1.168,1.175,1.163,4992802,582800395.0,1.03,-0.09,-0.001,1.8
2026-02-27,1.168,1.172,1.174,1.166,4455340,521847462.0,0.68,0.34,0.004,1.61
2026-03-02,1.17,1.183,1.184,1.168,7777120,915395984.0,1.37,0.94,0.011,2.8
2026-03-03,1.183,1.196,1.203,1.183,12015156,1433145503.0,1.69,1.1,0.013,4.33
2026-03-04,1.194,1.18,1.194,1.173,11109682,1310071468.0,1.76,-1.34,-0.016,4.0
2026-03-05,1.179,1.182,1.187,1.174,5721435,675471261.0,1.1,0.17,0.002,2.06
2026-03-06,1.18,1.188,1.189,1.178,5805774,686980731.0,0.93,0.51,0.006,2.09
2026-03-09,1.19,1.187,1.195,1.184,11680920,1389627900.0,0.93,-0.08,-0.001,4.21
2026-03-10,1.184,1.185,1.186,1.177,4527513,534948493.0,0.76,-0.17,-0.002,1.63
2026-03-11,1.184,1.196,1.197,1.178,6019153,714291887.0,1.6,0.93,0.011,2.17
2026-03-12,1.196,1.202,1.205,1.193,4795029,575394940.0,1.0,0.5,0.006,1.73
2026-03-13,1.201,1.205,1.212,1.201,5583094,673581011.0,0.92,0.25,0.003,2.01
2026-03-16,1.205,1.205,1.211,1.198,7622685,918648435.0,1.08,0.0,0.0,2.75
2026-03-17,1.203,1.21,1.214,1.203,4753267,575275404.0,0.91,0.41,0.005,1.71
2026-03-18,1.21,1.204,1.21,1.197,7544368,906886581.0,1.07,-0.5,-0.006,2.72
2026-03-19,1.202,1.201,1.211,1.198,5873747,707001265.0,1.08,-0.25,-0.003,2.12
2026-03-20,1.199,1.196,1.21,1.196,5743151,690885074.0,1.17,-0.42,-0.005,2.07
2026-03-23,1.19,1.158,1.192,1.153,12345276,1444258117.0,3.26,-3.18,-0.038,4.45
2026-03-24,1.161,1.178,1.18,1.161,7750521,907755249.0,1.64,1.73,0.02,2.79
2026-03-25,1.177,1.188,1.189,1.168,8438105,995970097.0,1.78,0.85,0.01,3.04
2026-03-26,1.186,1.185,1.193,1.184,5264498,625494429.0,0.76,-0.25,-0.003,1.9
2026-03-27,1.182,1.183,1.191,1.178,6031973,713431924.0,1.1,-0.17,-0.002,2.17
2026-03-30,1.179,1.193,1.194,1.178,6215118,737831500.0,1.35,0.85,0.01,2.24
2026-03-31,1.193,1.198,1.205,1.192,6383125,766031344.0,1.09,0.42,0.005,2.3
2026-04-01,1.199,1.197,1.206,1.195,5824470,699179904.0,0.92,-0.08,-0.001,2.1
2026-04-02,1.196,1.201,1.204,1.195,7076669,849407095.0,0.75,0.33,0.004,2.55
2026-04-03,1.201,1.188,1.202,1.184,9041118,1075732649.0,1.5,-1.08,-0.013,3.26
2026-04-07,1.188,1.18,1.188,1.177,5622955,664524355.0,0.93,-0.67,-0.008,2.03
2026-04-08,1.18,1.19,1.19,1.176,7059633,835524775.0,1.19,0.85,0.01,2.54
2026-04-09,1.189,1.183,1.191,1.18,4827044,571215569.0,0.92,-0.59,-0.007,1.74
2026-04-10,1.182,1.181,1.186,1.18,5183802,612817320.0,0.51,-0.17,-0.002,1.87
2026-04-13,1.181,1.176,1.181,1.172,5911433,694575491.0,0.76,-0.42,-0.005,2.13
2026-04-14,1.177,1.181,1.182,1.176,4521595,532867813.0,0.51,0.43,0.005,1.63
2026-04-15,1.182,1.189,1.19,1.18,6669198,790617760.0,0.85,0.68,0.008,2.4
2026-04-16,1.188,1.189,1.192,1.185,4883968,580266817.0,0.59,0.0,0.0,1.76
2026-04-17,1.188,1.184,1.189,1.183,5409391,641406076.0,0.5,-0.42,-0.005,1.95
2026-04-20,1.184,1.19,1.191,1.181,5538224,657258426.0,0.84,0.51,0.006,2.0
2026-04-21,1.19,1.197,1.199,1.189,5004676,598880663.0,0.84,0.59,0.007,1.8
2026-04-22,1.196,1.192,1.198,1.191,3267805,389948699.0,0.58,-0.42,-0.005,1.18
2026-04-23,1.192,1.198,1.2,1.19,5038457,602648942.0,0.84,0.5,0.006,1.82
2026-04-24,1.198,1.198,1.203,1.193,6349638,760829200.0,0.83,0.0,0.0,2.29
2026-04-27,1.197,1.189,1.2,1.188,7054988,841851807.0,1.0,-0.75,-0.009,2.54
2026-04-28,1.188,1.192,1.193,1.186,4919056,584706867.0,0.59,0.25,0.003,1.77
2026-04-29,1.194,1.195,1.199,1.19,5064006,604963959.0,0.76,0.25,0.003,1.83
2026-04-30,1.196,1.188,1.196,1.186,7508592,892923213.0,0.84,-0.59,-0.007,2.71
2026-05-06,1.188,1.183,1.189,1.177,7710497,909817917.0,1.01,-0.42,-0.005,2.78
2026-05-07,1.182,1.178,1.183,1.176,7595759,895197964.0,0.59,-0.42,-0.005,2.74
2026-05-08,1.178,1.177,1.183,1.175,4717912,555461708.0,0.68,-0.08,-0.001,1.7
2026-05-11,1.176,1.178,1.178,1.172,6552670,770095347.0,0.51,0.08,0.001,2.36
2026-05-12,1.178,1.176,1.181,1.174,6080718,715584603.0,0.59,-0.17,-0.002,2.19
2026-05-13,1.175,1.177,1.179,1.173,5106468,600551114.0,0.51,0.09,0.001,1.84
2026-05-14,1.177,1.176,1.179,1.173,4758781,560007203.0,0.51,-0.08,-0.001,1.72
2026-05-15,1.175,1.167,1.176,1.164,7292359,852961778.0,1.02,-0.77,-0.009,2.63
2026-05-18,1.164,1.16,1.166,1.156,6970855,808498959.0,0.86,-0.6,-0.007,2.51
2026-05-19,1.159,1.169,1.169,1.159,4559820,531596365.0,0.86,0.78,0.009,1.64
2026-05-20,1.168,1.164,1.17,1.163,4453389,519025445.0,0.6,-0.43,-0.005,1.6
2026-05-21,1.163,1.161,1.165,1.158,3862617,448868420.0,0.6,-0.26,-0.003,1.39
2026-05-22,1.159,1.155,1.16,1.151,8157214,941960861.0,0.78,-0.52,-0.006,2.94
2026-05-25,1.154,1.152,1.157,1.149,5209176,600397688.0,0.69,-0.26,-0.003,1.88
2026-05-26,1.151,1.156,1.157,1.15,5158246,595204388.0,0.61,0.35,0.004,1.86
2026-05-27,1.156,1.15,1.157,1.146,6381913,734132505.0,0.95,-0.52,-0.006,2.3
2026-05-28,1.149,1.144,1.155,1.143,6535306,750042946.0,1.04,-0.52,-0.006,2.36
2026-05-29,1.144,1.167,1.169,1.142,7962365,923199597.0,2.36,2.01,0.023,2.87
2026-06-01,1.166,1.183,1.184,1.158,7683616,899892894.0,2.23,1.37,0.016,2.77
2026-06-02,1.179,1.187,1.191,1.178,2992272,354887592.0,1.1,0.51,0.006,1.08
2026-06-03,1.18,1.173,1.18,1.162,8019358,938043659.0,1.52,-0.76,-0.009,2.89
